,Side,Win,First_Blood,First Tower,First_Inhibitor,First_Baron,First_Dragon,First_Rift_Herald,Tower_Destroyed,Inhibitor_Destroyed,Baron_Killed,Dragon_Killed,Vilemaw_Killed,Rift_Herald_Killed,Game_Duration,Total_Kills,Total_Deaths,Total_Assists,Total_Magic_Damage_Dealt,Total_Physical_Damage_Dealt,Total_True_Damage_Dealt,Total_Magic_Damage_To_Champions,Total_Physical_Damage_To_Champions,Total_True_Damage_To_Champions,Total_Heal,Total_Damage_Self_Mitigated,Total_Damage_Dealt_To_Objectives,Total_Damage_Dealt_To_Turrets,Total_Vision_Score,Total_Time_CCing_Others,Total_Magical_Damage_Taken,Total_Physical_Damage_Taken,Total_True_Damage_Taken,Total_Gold_Earned,Total_Minions_Killed,Total_Neutral_Minions_Killed,Total_Neutral_Minions_Killed_Team_Jungle,Total_Neutral_Minions_Killed_Enemy_Jungle,Total_Time_Crowd_Control_Dealt,Total_Champion_Level
0,Blue,0,0,0,0,0,0,0,0,0,0,0,0,0,1659,36,56,45,183806,307234,32479,38031,66171,10375,13912,108451,2329,962,37,164,20575,102776,4979,51219,541,52,41,0,1281,74
1,Red,1,1,1,1,0,1,1,11,5,0,4,0,1,1659,54,37,51,133453,404221,24591,19747,76482,4887,36719,101276,61576,24107,97,72,40984,104694,10374,62000,430,176,88,45,737,71
2,Blue,0,0,0,0,0,0,0,4,0,0,0,0,0,1955,33,47,48,68413,523548,47593,13425,66693,7282,28556,114419,25118,15737,99,96,45467,93871,11001,58767,608,98,83,0,519,75
3,Red,1,1,1,1,1,1,1,10,3,1,5,0,1,1955,47,33,68,293024,385218,53887,44139,62420,10601,25325,145487,91964,25060,101,184,16010,91831,7280,70281,558,249,143,30,2406,81
4,Blue,1,1,1,1,0,1,0,5,1,0,3,0,0,1425,38,19,38,224904,224458,27097,52168,23783,4776,16148,58887,36539,12583,54,105,6879,64865,4482,49002,454,161,90,26,1203,67
5,Red,0,0,0,0,0,0,0,0,0,0,0,0,0,1425,19,38,23,16346,281938,28573,5933,34872,4482,20160,63133,6374,1951,50,102,53134,37684,4774,37806,325,98,87,0,783,61
6,Blue,1,0,1,1,0,1,1,11,2,0,3,0,1,1268,31,8,30,127253,229034,26948,15913,30448,4022,23589,35652,51533,22922,48,67,18523,44647,3169,45007,371,138,70,35,1032,61
7,Red,0,1,0,0,0,0,0,1,0,0,0,0,0,1268,8,31,6,119511,147434,22450,14844,17875,3170,10070,40986,7596,6689,42,29,16441,52901,4022,29892,345,70,63,0,697,53
8,Blue,0,1,0,0,1,0,0,5,0,1,1,0,0,1864,27,51,29,130724,279902,52712,39555,40559,7219,26484,86408,43632,13928,33,101,40145,85090,6482,51272,371,104,80,0,857,67
9,Red,1,0,1,1,0,1,1,8,1,0,3,0,1,1864,51,27,69,160688,318748,44573,38341,56082,6484,41213,71741,55524,23431,68,109,41207,70546,7218,58071,372,131,72,16,1271,74
10,Blue,1,0,1,0,0,1,1,3,0,0,2,0,2,1228,23,15,15,150197,139607,26794,30434,19638,1388,21795,26780,39820,7826,43,64,17312,35754,3033,32899,287,84,52,8,544,56
11,Red,0,1,0,0,0,0,0,1,0,0,1,0,0,1228,15,23,8,48001,154372,31675,16304,17675,3033,16413,34492,11432,2898,24,68,31088,40228,1388,26825,216,64,48,0,980,53
12,Blue,0,1,1,0,0,1,0,3,0,0,1,0,0,1946,39,52,51,146604,279388,66753,49391,47030,13803,28516,99724,34309,10615,58,132,33482,104444,3829,55889,422,54,29,8,974,71
13,Red,1,0,0,1,0,0,1,10,2,0,2,0,1,1946,51,39,60,126021,356741,39013,32871,67344,3829,39995,86244,39766,25923,28,184,50935,79818,13802,62374,412,113,72,17,1598,77
14,Blue,0,0,1,0,0,1,1,7,1,0,4,0,1,2464,47,34,57,117411,684005,50506,34209,91045,5446,40639,135782,68598,20132,146,191,97871,73909,10517,70556,660,148,80,28,990,86
15,Red,1,1,0,1,1,0,0,9,3,2,2,0,1,2464,34,47,35,444941,322796,78381,95920,36777,10516,53220,136701,71318,18594,97,141,35392,128324,5443,71355,670,133,69,13,1147,86
16,Blue,1,0,1,1,0,0,0,5,1,0,1,0,1,1822,33,29,57,101959,327418,38924,36331,52346,3465,35394,80291,38077,16413,76,149,39825,88177,2890,50116,325,132,102,8,1402,68
17,Red,0,1,0,0,0,1,1,2,0,0,3,0,1,1822,28,33,33,102793,272621,41845,38025,57196,2891,34856,84853,36730,5591,65,186,37409,80378,3465,43724,327,88,47,0,884,63
18,Blue,1,1,1,1,0,1,1,7,1,0,2,0,2,1390,33,4,48,101240,208414,37661,21902,37308,646,29401,42241,49493,19981,55,112,15899,49331,3219,40074,300,80,47,0,573,59
19,Red,0,0,0,0,0,0,0,1,0,0,1,0,0,1390,4,33,5,104064,153331,24889,15421,24060,3221,17098,58661,19731,3699,21,48,23305,61506,646,26906,288,72,54,1,381,50
20,Blue,1,1,0,1,1,1,1,8,2,1,3,0,2,1992,26,27,44,208444,375058,52831,49540,47110,4192,50444,117719,72109,13343,44,89,31254,93407,6560,56629,522,112,51,24,923,79
21,Red,0,0,1,0,0,0,0,5,1,0,2,0,0,1992,27,26,37,139971,492146,64171,29074,62732,6561,57624,110659,34924,16176,61,243,51313,84388,4190,53461,560,155,105,12,2973,75
22,Blue,0,0,0,0,0,0,0,2,0,0,2,0,0,1788,18,30,22,85828,379903,30880,19880,46623,1539,25761,81242,20521,9952,50,129,28568,75331,8621,46077,552,42,22,8,806,68
23,Red,1,1,1,1,0,1,1,11,4,0,2,0,2,1788,30,18,39,117177,380777,39591,28420,54210,8622,27869,55050,69525,26787,35,98,20241,72009,1539,51162,459,67,27,6,637,72
24,Blue,0,0,0,0,0,1,0,5,0,0,1,0,1,2133,23,52,22,22469,419071,71966,6444,50432,1823,36272,69565,29858,14132,58,78,87556,53708,3258,52642,490,71,53,0,338,68
25,Red,1,1,1,1,1,0,1,10,2,1,4,0,1,2133,51,23,71,293386,300996,33518,87300,34957,3259,21976,71156,77090,19608,80,183,7733,81870,1822,62968,430,127,64,22,1267,79
26,Blue,1,0,0,1,1,1,1,7,1,1,2,0,1,1605,40,31,51,101492,293265,63827,30380,64776,3961,46534,80907,63202,18668,35,125,27475,88715,4664,52281,371,132,72,22,911,70
27,Red,0,1,1,0,0,0,0,4,0,0,1,0,1,1605,31,41,34,86324,256402,28419,23785,55205,2664,15142,85587,27187,10084,70,141,30652,84474,3959,45140,386,31,19,0,724,64
28,Blue,1,1,1,1,0,1,1,8,2,0,2,0,2,1364,29,9,23,59027,282688,29336,13943,37456,998,22738,47319,52415,21048,47,75,22411,48343,2034,42882,419,80,27,12,389,62
29,Red,0,0,0,0,0,0,0,0,0,0,0,0,0,1364,9,32,13,91775,197111,14244,21695,23058,2034,19197,45510,5423,1536,27,70,14882,62934,997,31776,296,73,63,0,379,56
30,Blue,0,1,0,0,0,1,0,0,0,0,1,0,0,1148,16,26,14,36101,152901,9504,6910,22008,2250,11166,46605,10643,985,33,49,4529,56639,1060,27657,244,79,51,7,792,49
31,Red,1,0,1,0,0,0,0,5,0,0,1,0,0,1148,25,16,19,11516,241467,13486,3286,40246,1060,12020,24808,22139,16877,20,38,7750,37262,2249,34399,331,52,41,0,260,54
32,Blue,1,1,1,0,0,1,1,5,0,0,2,0,2,1136,19,7,14,89981,168229,27168,13778,15274,1214,19187,23812,44451,13174,54,55,11411,34492,483,34509,323,108,41,25,603,55
33,Red,0,0,0,0,0,0,0,0,0,0,0,0,0,1136,7,19,3,47541,114502,14964,10318,10549,483,5896,21008,4394,1719,26,70,14632,25775,1226,22492,244,52,40,4,665,45
34,Blue,1,1,0,1,0,1,0,5,1,0,2,0,1,1429,23,16,39,75294,274325,29012,14933,37721,4597,14217,46210,35831,11619,71,121,14396,44307,3005,41013,407,72,37,12,1028,60
35,Red,0,0,1,0,0,0,1,4,0,0,1,0,1,1429,16,23,18,105477,237314,30648,13998,25528,3006,20919,70367,29116,10887,70,83,16376,62310,4596,39036,395,111,59,21,1275,60
36,Blue,1,1,1,1,0,1,0,6,1,0,3,0,0,1562,33,14,31,131437,240364,37875,21172,39227,3565,35722,68263,53436,18078,64,76,11922,68495,3590,46545,418,87,32,28,470,64
37,Red,0,0,0,0,0,0,1,3,0,0,1,0,1,1562,13,33,18,33046,312333,21688,8905,39760,3592,17301,53545,19407,8167,46,181,23881,57075,3564,37822,351,110,85,2,1098,59
38,Blue,0,0,0,0,0,0,0,2,0,0,0,0,0,1509,10,31,12,129949,164538,29048,25509,20933,5778,12855,54644,12056,6851,32,48,16418,62072,4412,34187,374,73,69,0,430,58
39,Red,1,1,1,1,1,1,1,8,2,1,3,0,1,1509,29,10,27,58709,312019,40925,14134,44821,4413,31211,64601,59223,19622,55,87,27826,42543,5777,44900,367,85,34,11,1149,67
40,Blue,0,1,1,0,0,1,1,3,0,0,1,0,2,2318,42,52,62,140986,510173,47815,40750,72747,11175,41130,182368,38956,6888,100,186,97032,93840,10248,66592,591,121,77,9,1978,81
41,Red,1,0,0,1,1,0,0,11,3,1,4,0,0,2318,52,42,70,398031,375511,51456,94420,53112,9624,36755,136075,78971,24607,76,199,41738,110703,11174,73925,625,151,91,15,2002,83
42,Blue,0,1,1,1,1,1,1,6,2,1,3,0,1,2739,45,47,76,385035,443938,68517,97227,79004,11548,54259,292029,68553,9268,142,344,80256,124380,12707,75475,613,184,106,24,1899,88
43,Red,1,0,0,0,0,0,0,6,1,0,4,0,0,2739,47,45,105,239779,555506,102087,77246,93714,12630,55380,238968,45541,18823,107,283,98856,114320,11549,76528,637,143,100,4,2135,89
44,Blue,0,0,0,0,0,1,1,2,0,0,3,0,1,1731,16,32,24,132881,226514,72396,28799,27808,3161,18248,81668,40531,8825,77,141,46022,55103,3933,39725,361,112,73,0,1027,64
45,Red,1,1,1,1,0,0,0,6,1,0,1,0,1,1731,32,18,38,231323,233746,83000,44290,32689,3934,34020,55862,43932,21211,72,107,31023,59046,3161,50895,489,131,97,17,807,69
46,Blue,1,1,1,1,0,1,1,7,1,0,4,0,1,1907,41,31,50,107088,417469,32577,23785,68360,1852,41179,106990,59640,17429,72,167,18247,96903,6965,54668,472,148,93,16,1398,76
47,Red,0,0,0,0,0,0,0,5,0,0,1,0,0,1907,31,41,15,33620,460267,47047,15394,66304,6965,18320,96807,25160,15295,80,352,24505,90535,1852,52900,502,128,85,16,1063,72
48,Blue,1,1,1,0,0,0,1,7,0,0,1,0,1,1461,32,13,31,181361,150100,82688,30130,22329,7137,21129,46833,42386,15847,74,164,21098,46897,396,43364,447,92,65,8,1688,63
49,Red,0,0,0,0,0,1,0,0,0,0,2,0,0,1461,12,33,5,114931,188856,25925,17107,21098,396,19477,51326,15098,1305,46,47,31039,41419,7135,32822,368,123,79,12,327,60
50,Blue,0,0,0,0,0,1,0,1,0,0,1,0,0,1332,19,30,23,118000,124492,42557,23031,14807,2611,14459,41590,17463,5632,57,64,8808,55045,3491,33221,288,100,58,20,434,57
51,Red,1,1,1,0,0,0,0,6,0,0,2,0,0,1332,30,20,38,60836,272196,18869,7031,43107,3492,13278,32198,30299,17917,58,90,23032,31959,2610,44303,433,62,31,12,879,62
52,Blue,0,0,0,0,0,0,0,0,0,0,1,0,0,1159,9,20,10,57678,119999,18317,6330,17605,661,10377,24241,10355,175,28,38,16015,32971,1161,24590,219,66,47,0,369,45
53,Red,1,1,1,0,0,1,1,6,0,0,1,0,2,1159,20,10,14,81971,231481,23481,15324,18925,1161,16278,23552,41286,14496,37,81,7271,36989,659,35740,308,109,54,25,1009,56
54,Blue,0,0,0,0,0,0,0,1,0,0,0,0,0,1409,16,26,19,148071,136548,24642,29928,18807,1009,10741,42482,14661,6970,29,116,4172,60398,4804,35403,385,60,56,0,1172,56
55,Red,1,1,1,0,0,1,1,5,0,0,3,0,2,1409,26,17,21,11394,314551,58791,2713,47759,4807,22214,49015,57134,15618,54,76,30734,43687,1008,40199,360,108,49,16,716,60
56,Blue,1,1,1,1,0,1,1,10,2,0,3,0,1,1817,46,22,62,110563,447869,47601,26370,68015,7548,44969,94677,52236,22251,78,141,16639,94565,9749,61364,542,120,53,15,1210,78
57,Red,0,0,0,0,0,0,0,5,0,0,1,0,0,1817,22,46,20,105286,468590,55406,16472,61518,9750,27322,108905,28849,13385,55,68,27749,99157,7942,50010,513,156,118,17,469,73
58,Blue,0,1,1,0,0,0,1,7,0,0,3,0,2,3150,48,66,75,122116,1099206,96797,25321,161912,8888,59528,203399,51589,11676,141,210,134672,91979,12310,89486,936,170,109,16,3301,90
59,Red,1,0,0,1,1,1,0,11,5,2,5,0,0,3150,66,48,92,636323,510582,98207,133329,54921,12203,81816,294540,117791,24665,197,299,29917,208418,8888,98613,820,238,156,7,2898,90
60,Blue,0,1,0,0,0,0,0,0,0,0,0,0,0,1104,9,21,9,35836,184307,13383,5834,18996,3238,11182,26933,7918,3936,30,52,14042,29198,1577,25742,277,72,60,4,353,47
61,Red,1,0,1,0,0,1,1,1,0,0,2,0,2,1104,21,9,24,78714,147818,29221,12260,19628,1576,13730,28749,35240,4635,47,36,6559,36688,3237,30869,306,80,49,0,475,50
62,Blue,0,0,0,0,0,1,1,0,0,0,1,0,1,944,7,19,5,37892,82214,10791,9808,11289,802,6192,17416,13697,0,37,54,11420,27964,1271,19271,145,55,35,4,553,41
63,Red,1,1,1,0,0,0,0,1,0,0,1,0,0,944,19,8,8,67273,138633,20287,10295,15950,1273,8666,26769,12141,6824,36,35,11028,28720,802,27980,304,65,49,5,268,46
64,Blue,0,0,1,0,0,0,0,5,0,0,1,0,0,1399,21,40,12,72263,258049,22847,22957,33193,2672,12915,58171,35276,14755,48,46,36703,52258,3032,38270,314,96,71,4,968,58
65,Red,1,1,0,1,0,1,1,5,1,0,2,0,1,1399,39,21,62,150207,135087,21109,35283,32548,3032,10425,56510,29949,11655,52,117,24774,42378,2672,42574,337,60,40,0,930,60
66,Blue,1,1,1,0,0,1,1,1,0,0,1,0,1,701,10,8,10,58829,59997,14830,8970,5786,229,5377,8696,18769,3954,19,34,3640,16381,336,18932,179,40,25,0,293,36
67,Red,0,0,0,0,0,0,0,0,0,0,0,0,0,701,8,10,7,28610,44643,9885,3203,7637,337,3518,9045,1317,1166,20,41,9512,11366,229,15647,125,36,28,0,505,33
68,Blue,0,0,0,0,0,0,0,0,0,0,0,0,0,933,3,16,3,35619,111969,14076,6532,10398,543,7970,18022,5201,3125,20,32,12272,21257,2407,18302,208,64,59,0,402,41
69,Red,1,1,1,0,0,1,1,2,0,0,2,0,1,933,16,3,18,84907,110634,26761,11335,10450,2408,8895,14535,23366,5652,43,45,7449,24352,543,27201,250,72,39,4,673,47
70,Blue,0,1,1,0,0,0,0,5,0,0,2,0,0,2531,49,39,55,421600,161484,17974,110914,17641,4422,36919,71326,31976,14333,112,236,41818,111207,2115,66839,483,84,67,0,1764,79
71,Red,1,0,0,1,0,1,1,10,3,0,4,0,1,2531,39,49,55,190318,516623,17666,40518,84206,2116,43462,74913,61666,20718,191,104,111814,50940,4420,72346,583,163,96,11,992,80
72,Blue,0,0,0,0,0,0,0,0,0,0,0,0,0,1247,15,21,10,62459,158480,16612,17506,19287,56,15437,39121,4939,928,42,85,23547,36059,2879,29905,305,91,67,6,1072,52
73,Red,1,1,1,0,0,1,1,4,0,0,2,0,1,1247,21,15,25,89378,194733,38311,22257,22955,2880,15919,31222,41170,9607,39,58,18606,38604,56,35997,317,93,49,20,482,56
74,Blue,0,0,0,0,0,0,0,2,0,0,0,0,0,1585,19,29,33,135553,195323,23487,44989,24448,3071,17748,54588,28763,6849,71,197,14962,61841,5809,39556,331,80,67,0,772,61
75,Red,1,1,1,0,1,1,1,5,0,1,3,0,1,1585,29,19,34,55661,301290,35741,12216,43837,5811,30443,62395,41561,17196,40,105,46234,49233,3183,46964,440,94,53,3,745,65
76,Blue,1,0,0,0,0,0,0,0,0,0,0,0,0,788,6,5,4,54587,57351,4713,13438,4658,938,2543,8691,5092,5092,15,84,8608,11931,1474,17198,182,0,0,0,853,40
77,Red,0,1,0,0,0,1,0,0,0,0,1,0,0,788,5,6,2,24222,69243,9286,8608,5751,1474,10984,12851,5434,637,12,32,14268,16492,938,14766,89,60,33,12,560,36
78,Blue,1,0,0,0,1,1,1,10,2,1,4,0,1,2097,58,37,80,93137,532513,58742,38242,103544,10494,42282,144754,81966,26142,42,194,24293,112879,5192,68729,473,124,63,24,788,82
79,Red,0,1,1,1,0,0,0,6,1,0,1,0,0,2097,37,58,51,96221,455282,25817,22668,74408,5026,21523,150706,31883,17267,79,125,38545,122513,10493,63691,539,20,8,4,655,77
80,Blue,1,0,1,1,0,1,0,6,1,0,3,0,0,1634,39,28,41,218429,236668,29805,35583,52228,6458,27404,71065,33191,14768,42,107,43823,56913,2335,51746,413,139,88,15,928,68
81,Red,0,1,0,0,0,0,0,5,0,0,1,0,0,1634,28,39,19,163692,225914,21116,42565,27350,2337,29362,75665,24617,15071,63,101,37578,78845,6457,44778,412,76,59,4,610,62
82,Blue,1,1,0,1,1,0,1,9,3,1,4,0,1,2421,43,38,65,464636,200416,50072,116916,29823,9079,37594,150319,81225,18761,133,242,19515,116653,8992,70020,522,194,90,33,1926,81
83,Red,0,0,1,0,0,1,0,2,0,0,1,0,0,2421,38,43,39,74639,468592,48264,16216,75317,8990,44185,140736,18730,8476,118,113,117605,58167,9395,63377,532,113,83,7,888,75
84,Blue,0,1,1,0,0,0,1,2,0,0,1,0,1,1655,11,25,9,231891,117917,42775,45591,7334,2487,17221,36130,24147,4960,57,140,34888,43076,5175,37065,415,88,67,0,1441,62
85,Red,1,0,0,0,0,1,0,4,0,0,3,0,1,1655,25,11,30,181239,251843,47106,34061,21993,5177,26556,40807,44209,9824,84,158,47596,29783,2484,44133,454,120,78,4,1657,69
86,Blue,1,1,1,1,1,1,0,11,4,2,5,0,0,2536,69,63,76,599261,218839,44365,181655,20820,6447,35901,126663,101847,25865,72,182,68341,96378,11181,82671,505,165,69,42,1400,90
87,Red,0,0,0,0,0,0,1,4,0,0,1,0,1,2536,63,69,43,289579,486574,110653,66782,65230,11180,47740,148782,45155,12178,85,103,184490,60173,7309,79509,664,135,82,21,1475,87
88,Blue,0,1,1,0,0,1,1,5,0,0,3,0,2,1973,26,28,23,218715,252559,32850,30091,33438,2213,25524,113258,50900,13505,103,132,66195,55764,5650,50082,472,141,76,1,1320,68
89,Red,1,0,0,1,1,0,0,7,1,1,1,0,0,1973,28,26,47,352876,279210,47895,64353,26793,5648,27002,84967,52099,16441,98,231,33876,67803,2214,57003,468,208,156,19,2069,78
90,Blue,1,1,1,1,0,1,1,11,3,0,3,0,2,1819,43,18,54,89028,327841,72870,27332,50417,9681,24092,61343,60942,20449,83,146,32848,55423,2359,55732,438,138,83,3,1084,70
91,Red,0,0,0,0,0,0,0,1,0,0,1,0,0,1819,18,45,24,118174,259464,29490,31978,25899,2358,24758,68353,12319,2844,38,54,29078,77530,9680,41148,371,88,79,0,485,65
92,Blue,0,0,0,0,0,0,0,1,0,0,1,0,0,1940,15,46,29,93899,302926,27393,19546,43400,2543,21393,54457,15255,5340,79,160,40532,58725,3811,43346,412,81,65,4,1030,63
93,Red,1,1,1,0,0,1,1,4,0,0,4,0,1,1940,45,15,59,122201,248227,33745,39465,43907,3813,31522,78770,44928,12049,94,166,20483,61523,2543,51951,336,109,44,17,1455,70
94,Blue,0,0,0,0,0,0,0,0,0,0,0,0,0,1692,16,31,18,148239,190261,13805,36979,20447,3311,12231,71250,5603,3335,53,130,14636,81835,5613,38677,386,48,38,1,479,63
95,Red,1,1,1,1,0,1,1,10,2,0,4,0,1,1692,30,17,25,101071,415999,45205,13811,56728,5614,29341,73408,52842,20271,88,82,38855,52808,3311,52049,445,186,93,44,722,71
96,Blue,0,0,0,0,0,0,1,1,0,0,1,0,1,1253,13,22,14,62215,149347,20772,10121,22508,1254,10252,34632,12580,992,36,35,24591,36141,3185,28530,226,68,52,0,415,52
97,Red,1,1,1,0,0,1,0,2,0,0,2,0,0,1253,22,13,24,135113,127524,20236,24039,21160,3186,20634,31370,28595,7405,32,70,11206,40958,1253,32968,319,100,56,16,784,58
98,Blue,0,1,1,1,0,0,1,6,1,0,0,0,1,2128,18,34,24,203021,292703,28646,44010,44814,3661,51792,90660,27693,14939,52,140,30993,89610,17011,50049,493,60,51,0,1184,69
99,Red,1,0,0,0,1,1,0,11,2,1,5,0,0,2128,34,19,51,259044,366757,93074,30127,57020,17012,57540,154235,79964,24386,62,195,46655,81368,5211,59915,493,196,95,46,4605,81
100,Blue,1,0,0,1,1,1,1,11,4,1,4,0,1,2456,40,60,59,164710,438722,55823,48133,81976,11819,42743,83243,72160,20959,79,170,106939,63241,10817,71083,471,130,66,16,680,83
101,Red,0,1,1,0,0,0,0,3,0,0,2,0,0,2456,60,40,66,390311,228656,34443,104568,34425,10819,35975,126870,29735,7635,88,274,49252,108331,11818,70183,525,78,48,7,2156,78
102,Blue,1,0,0,0,0,0,0,0,0,0,0,0,0,726,8,6,6,28105,78421,5746,2270,14036,864,9157,13550,2147,1012,22,43,8973,14528,413,17582,156,52,39,0,666,39
103,Red,0,1,0,0,0,0,0,0,0,0,0,0,0,726,6,9,2,44783,38016,6489,8755,5649,413,3481,10215,740,283,32,24,2450,20356,864,15951,159,28,21,0,265,33
104,Blue,0,0,0,0,0,1,1,2,0,0,3,0,1,2436,34,67,47,268626,283495,53176,59134,52634,3732,51062,95504,35435,7113,89,120,105897,71089,13585,61252,505,96,64,4,627,79
105,Red,1,1,1,1,0,0,0,8,3,0,3,0,0,2436,67,34,105,370827,187247,59896,104987,42975,13585,33007,161017,36700,15999,102,270,59933,81975,3730,72924,488,88,56,8,1583,86
106,Blue,0,0,1,1,1,1,1,6,1,1,3,0,2,2321,35,49,32,288485,510248,60582,57249,67843,4181,37529,117236,63205,11771,106,257,51824,96944,5804,69732,684,139,66,21,1723,84
107,Red,1,1,0,0,0,0,0,9,1,0,2,0,0,2321,49,35,40,237915,628215,27326,48894,61191,3861,35167,180293,50727,23720,76,96,59402,102046,4180,72938,745,135,92,13,1723,85
108,Blue,1,0,0,1,0,1,0,7,1,0,4,0,1,1779,31,23,35,143346,291332,48841,37632,33291,2464,22548,76809,61038,16057,76,127,30559,59181,6796,50145,450,116,64,0,956,69
109,Red,0,1,1,0,0,0,1,4,0,0,0,0,1,1779,22,31,25,130345,302427,31250,29272,34043,4795,20959,55302,19079,9196,58,112,39823,62968,2464,47260,422,140,105,11,922,67
110,Blue,0,0,0,0,0,1,0,2,0,0,2,0,0,2181,32,45,48,169221,271379,48364,49773,50230,6348,28219,109902,20886,6529,97,160,62712,74939,10210,53708,428,94,68,0,1147,71
111,Red,1,1,1,1,0,0,1,8,1,0,3,0,1,2181,45,32,64,203764,441668,61742,61152,48541,10211,44544,115426,69430,21982,114,137,52097,76587,6346,65569,481,242,143,44,1072,79
112,Blue,0,1,0,0,0,0,0,0,0,0,0,0,0,1035,7,20,5,21672,138338,13700,5567,18612,1552,7577,23779,4285,834,28,83,23345,25862,1142,22098,253,44,41,0,410,44
113,Red,1,0,1,0,0,1,1,3,0,0,2,0,1,1035,20,7,9,120902,113048,22949,21900,13922,1142,20372,27471,26936,7929,51,76,6551,37792,1552,29993,282,98,58,12,557,50
114,Blue,0,0,0,0,0,0,0,1,0,0,0,0,0,1113,10,23,5,101700,118749,30421,20189,10175,588,10730,22867,8408,6078,46,72,16097,33271,2220,27606,276,80,59,4,1353,50
115,Red,1,1,1,0,0,1,0,2,0,0,2,0,0,1113,23,10,12,87211,164818,11581,15030,19971,2220,9650,25296,17087,7526,52,92,21343,27736,588,31526,276,96,71,0,1192,51
116,Blue,1,1,1,0,0,0,1,4,0,0,1,0,1,1370,25,18,35,73579,300380,33561,14175,40254,1578,25024,34911,41336,11480,48,78,27528,39238,1774,41261,332,111,68,13,591,57
117,Red,0,0,0,0,0,1,0,1,0,0,2,0,1,1370,18,26,20,112562,129974,20310,25878,15807,1774,11709,53020,19687,3680,38,112,14594,54731,1578,32709,277,75,52,0,1451,55
118,Blue,1,0,0,0,0,0,0,0,0,0,0,0,0,208,1,1,0,4177,14200,2118,957,988,0,1230,1480,0,0,2,5,751,3442,0,4741,29,12,12,0,147,14
119,Red,0,1,0,0,0,0,0,0,0,0,0,0,0,208,1,1,0,2776,14277,3075,751,819,0,1728,1685,0,0,0,4,1318,3027,0,4758,21,16,16,0,31,14
120,Blue,1,0,0,0,0,0,0,5,0,0,2,0,0,1688,21,15,32,231066,275836,35315,29162,31161,4216,38080,94580,36155,12883,80,89,43299,58779,4175,48814,523,175,132,6,1040,69
121,Red,0,1,1,0,0,1,1,4,0,0,2,0,2,1688,15,21,23,245992,164487,38684,40419,23161,4175,19332,65101,45880,11820,88,182,30640,52028,4215,42719,468,135,86,0,1587,64
122,Blue,0,0,0,0,0,0,0,1,0,0,1,0,0,2063,11,30,17,248267,210794,24247,50806,20039,2159,28167,76403,12039,3770,97,119,35049,75942,2012,42678,443,104,87,6,1170,65
123,Red,1,1,1,1,0,1,1,7,1,0,4,0,1,2063,30,11,50,182155,344661,38443,33202,53857,2014,44470,72179,59362,19627,145,190,52512,52025,2157,54871,455,185,94,21,1032,72
124,Blue,0,0,0,0,0,0,0,2,0,0,0,0,0,1681,14,52,18,112806,267613,31897,18533,32408,7719,25259,80989,16504,6212,58,112,24918,96059,1818,42488,442,100,82,4,1725,63
125,Red,1,1,1,1,0,1,1,9,1,0,4,0,2,1681,52,14,48,112499,349850,38444,23441,70228,1789,28600,94492,63420,21462,89,162,19559,63625,7824,57087,426,128,48,16,1282,71
126,Blue,0,0,0,0,0,1,1,1,0,0,1,0,1,1368,11,32,10,43840,186929,48942,10456,22645,4533,11946,33781,19409,1662,58,68,25895,40313,4079,30773,304,84,67,4,800,55
127,Red,1,1,1,0,0,0,0,4,0,0,3,0,1,1368,32,11,35,98570,224799,36834,24713,28097,4080,22807,32722,45690,11685,65,62,11511,43419,4532,42192,369,120,68,12,482,63
128,Blue,0,0,0,0,0,0,1,2,0,0,1,0,2,1307,4,17,3,28711,197477,29984,4313,15032,204,16705,24494,28149,1952,41,37,19441,33937,2209,25399,232,106,55,24,204,49
129,Red,1,1,1,1,0,1,0,8,1,0,2,0,0,1307,17,4,15,107146,158890,20105,17686,15286,2209,13262,28722,39899,24625,37,55,5094,34550,204,35485,378,48,31,0,556,55
130,Blue,1,1,1,1,0,0,1,9,1,0,1,0,2,1237,25,14,19,24408,322045,27383,5468,44728,725,15056,39066,43133,17865,33,107,12324,44037,3295,41042,414,108,63,24,875,57
131,Red,0,0,0,0,0,1,0,0,0,0,1,0,0,1237,14,25,17,50170,134382,20623,11199,17905,1296,10597,45045,12104,1347,42,104,6944,56897,724,28444,244,72,48,0,865,51
132,Blue,1,0,1,1,1,1,1,7,1,1,3,0,1,1401,38,18,45,190299,150825,17142,37534,22558,2580,19971,48869,57497,17480,47,97,22159,52015,2125,46861,355,83,48,9,965,62
133,Red,0,1,0,0,0,0,0,2,0,0,0,0,0,1401,18,38,6,91246,211766,25351,19648,31887,2126,9844,48513,11427,9675,21,106,39168,44371,2579,36860,332,89,69,0,789,55
134,Blue,1,0,0,1,0,1,0,11,2,0,2,0,0,1680,43,22,48,79415,469963,39863,17753,70761,5931,34656,50164,46748,27516,84,95,40430,44285,13015,56565,455,168,105,30,1271,76
135,Red,0,1,1,0,0,0,1,2,0,0,1,0,1,1680,22,43,15,206788,144480,57265,38594,16201,7016,17273,72914,22512,5028,82,82,20294,93758,5930,44378,419,107,78,0,637,66
136,Blue,0,1,0,0,0,0,0,0,0,0,0,0,0,1543,9,29,16,52373,219663,38923,6564,27879,2830,11940,52647,6343,1335,53,73,23159,49815,2716,31027,282,109,97,0,1826,54
137,Red,1,0,1,1,0,1,1,10,2,0,3,0,2,1543,28,10,38,105713,281698,26052,22117,34026,2718,21507,37018,55002,21347,69,64,9563,53598,2829,47501,386,136,80,16,888,63
138,Blue,1,0,0,0,0,1,0,9,1,0,4,0,0,2619,55,44,74,471312,364596,48244,80667,66529,12183,75840,137892,66443,22607,106,168,60915,121889,12305,80075,687,171,75,50,1526,85
139,Red,0,1,1,1,0,0,1,6,1,0,1,0,1,2619,44,55,54,284225,453367,77301,60272,87050,11306,59973,164718,46142,14817,138,224,84505,110944,12182,74535,531,219,132,46,2023,87
140,Blue,1,0,1,0,0,1,1,7,0,0,2,0,2,1156,28,5,32,109943,139448,30463,20022,23630,2144,14379,24857,48535,18678,42,96,14898,25583,740,37065,296,52,16,4,855,54
141,Red,0,1,0,0,0,0,0,0,0,0,0,0,0,1156,5,28,3,74938,77191,15947,14476,10973,740,10021,35377,5485,523,36,67,21629,42284,2144,22448,250,48,43,0,793,44
142,Blue,1,1,0,0,0,0,0,0,0,0,0,0,0,199,1,1,0,6752,13779,3139,482,1355,28,1612,1312,0,0,2,1,1235,2491,166,4757,29,14,14,0,97,12
143,Red,0,0,0,0,0,0,0,0,0,0,0,0,0,199,1,1,1,3272,10998,1372,814,444,166,1433,1387,487,25,2,4,482,2950,28,4646,28,8,5,0,102,12
144,Blue,0,1,0,0,0,0,0,0,0,0,1,0,1,1432,21,54,26,120258,168844,28880,29620,22828,1993,26126,70468,27250,476,30,126,43973,75588,8501,36134,272,108,72,1,1261,57
145,Red,1,0,1,1,0,1,1,9,1,0,3,0,1,1432,54,21,65,145353,225271,29791,42629,52221,8502,34598,77804,40341,15863,54,87,31330,59127,3247,49685,317,127,63,36,630,65
146,Blue,1,1,1,1,0,1,1,8,1,0,3,0,2,1422,25,16,21,183845,254848,47981,36090,23271,3342,24864,40094,60044,20572,41,90,18585,53143,174,43193,374,175,88,35,1191,65
147,Red,0,0,0,0,0,0,0,0,0,0,0,0,0,1422,16,25,18,64357,181878,22548,16275,23035,174,18854,30197,8458,1754,12,46,37106,37527,3340,32652,325,52,49,0,301,60
148,Blue,1,0,1,1,0,1,0,11,3,0,2,0,0,1857,43,30,42,109610,599066,43996,23487,75525,5594,42186,93490,60576,27205,87,160,50130,70715,4012,63770,552,212,111,47,1208,77
149,Red,0,1,0,0,0,0,1,3,0,0,1,0,1,1857,30,43,37,198150,230580,21360,47518,27711,4012,25502,97999,20287,10397,58,286,24467,98966,6216,50483,453,92,64,4,1779,73
150,Blue,0,0,0,0,0,0,0,0,0,0,0,0,0,1199,5,19,5,99152,116372,14633,13908,10405,2149,8241,29937,6343,3874,41,89,22822,29644,1504,25710,306,63,59,0,1077,48
151,Red,1,1,1,0,0,1,1,3,0,0,3,0,1,1199,19,5,16,117869,170359,27332,21403,16188,1504,17543,32023,40974,14859,45,57,15375,30384,2148,33986,389,99,57,3,813,56
152,Blue,0,0,0,0,0,0,0,0,0,0,2,0,0,1757,11,39,16,145523,132598,69936,30803,20309,4544,11844,59706,25301,397,53,114,33966,55020,2083,35187,338,76,47,0,743,62
153,Red,1,1,1,1,0,1,1,8,1,0,2,0,1,1757,39,11,45,141551,385065,59550,33209,40209,2084,41308,55034,44093,15906,70,104,34308,62137,4543,53133,467,171,76,60,1236,71
154,Blue,1,1,1,1,0,1,0,9,2,0,3,0,0,1845,37,16,71,224059,243365,25980,53214,32039,3244,31547,42735,47210,22414,80,180,18331,59552,4134,52740,405,116,77,8,1936,71
155,Red,0,0,0,0,0,0,1,3,0,0,1,0,1,1845,16,37,18,85153,263916,28783,17788,36335,1134,22778,79115,18453,7273,75,52,54937,58227,3243,43954,436,116,92,8,527,65
156,Blue,0,0,1,1,0,0,1,9,3,0,5,0,2,2595,52,56,61,100873,706992,125535,28396,105483,21336,57140,127766,86060,21499,139,173,66441,104457,24003,78914,620,171,78,16,476,86
157,Red,1,1,0,0,1,1,0,8,1,1,1,0,0,2595,56,52,57,300697,543221,105801,65972,73925,23670,52220,217262,49369,15254,161,182,31704,145987,22178,80872,573,217,130,50,2704,88
158,Blue,1,1,1,1,0,0,1,4,1,0,0,0,1,928,20,7,11,82553,135401,16376,12446,14160,905,12874,22615,20662,10153,33,34,7771,31800,208,28036,272,84,51,13,379,49
159,Red,0,0,0,0,0,1,0,0,0,0,2,0,0,928,7,20,6,47542,109716,10336,6224,11506,208,13152,17927,13419,3076,28,56,13210,29097,905,20648,185,68,43,4,552,42
160,Blue,0,1,1,0,0,1,0,3,0,0,2,0,0,1509,8,24,9,63537,191597,12024,9551,22018,385,15416,53297,16290,10052,33,53,21546,57148,566,31975,343,39,11,9,555,53
161,Red,1,0,0,1,0,0,0,10,2,0,0,0,0,1509,23,9,28,83607,278128,26895,21546,37490,566,19443,35965,33205,27578,38,116,10254,45529,385,41190,378,82,75,0,1214,61
162,Blue,0,1,0,0,1,0,0,10,4,1,4,0,0,3201,64,67,83,380840,734151,80451,77284,139697,18526,45403,218212,89649,24932,113,268,74495,153524,23653,97107,789,160,92,24,2254,90
163,Red,1,0,1,1,0,1,1,10,5,2,4,0,1,3201,66,64,87,268877,811137,99583,68350,113903,23613,69669,442329,100180,24465,92,292,80863,190383,18525,97128,724,202,93,51,2091,90
164,Blue,0,0,0,0,0,0,0,0,0,0,0,0,0,932,2,13,1,66549,92403,12373,8485,10014,182,11726,16314,6544,1900,21,57,4411,29305,729,18425,200,56,40,4,453,42
165,Red,1,1,1,0,0,1,0,1,0,0,2,0,0,932,13,2,7,47110,134022,19553,3679,15355,729,13889,18639,11413,5078,34,58,9325,27125,182,23967,209,80,52,8,812,49
166,Blue,0,1,0,0,0,0,1,2,0,0,1,0,1,1736,12,36,11,30653,313608,30992,6640,42217,1630,39766,57075,24972,5451,85,94,22214,85133,2130,39379,343,118,93,5,583,60
167,Red,1,0,1,1,1,1,0,11,3,1,2,0,0,1736,36,12,57,109916,349241,39762,19452,65037,2132,36215,62264,44272,17853,141,185,9137,76327,1628,55337,410,145,71,33,2351,71
168,Blue,1,0,1,1,0,1,0,10,2,0,4,0,1,1643,35,18,50,137280,252481,31582,33805,35150,3299,20227,77497,62100,27618,61,149,6541,68616,9199,49388,406,80,43,0,1157,66
169,Red,0,1,0,0,0,0,1,3,0,0,0,0,1,1643,18,35,13,22863,358112,47916,5043,42198,9199,17161,71067,20259,6821,44,57,35305,62107,3299,41634,390,141,92,17,359,61
170,Blue,0,0,0,0,0,1,0,1,0,0,3,0,0,1873,11,33,7,75177,354556,51235,14894,36971,5112,26861,69889,23507,4306,51,130,33801,71149,3908,41320,474,94,67,0,932,68
171,Red,1,1,1,1,0,0,1,9,1,0,2,0,2,1873,33,12,33,187359,423949,43673,33198,48432,3903,24688,74603,57853,15650,78,108,17071,68844,5281,54242,538,184,84,49,937,74
172,Blue,0,0,1,1,1,1,1,7,2,1,5,0,1,2854,56,62,62,55300,769565,131151,22713,158487,15053,56975,248037,86240,17852,90,137,75062,168276,10786,84728,647,154,68,38,638,89
173,Red,1,1,0,0,0,0,0,10,4,2,2,0,0,2854,62,56,101,243051,614653,52406,73497,113709,9570,72320,157406,76244,18768,109,226,25328,193705,15051,88467,560,142,99,8,1245,90
174,Blue,1,1,1,1,0,0,0,10,1,0,3,0,0,2017,51,25,53,169880,459216,31544,47583,62355,3973,35869,96047,51033,21387,116,151,72556,57894,7005,63221,502,184,105,33,1377,80
175,Red,0,0,0,0,0,1,1,2,0,0,2,0,1,2017,25,51,40,312928,160121,74272,70632,20986,7004,26502,87732,20346,4959,61,227,48602,86035,3972,51227,440,92,67,0,1419,72
176,Blue,0,0,0,0,0,0,0,0,0,0,0,0,0,1170,8,25,12,61095,114142,9447,13942,13947,1488,9894,29423,1307,213,30,138,16556,34698,2199,24937,250,55,45,3,826,46
177,Red,1,1,1,0,0,1,1,3,0,0,2,0,1,1170,25,8,33,88353,157425,23138,16028,22506,2200,10251,30366,31265,10623,39,60,16271,29289,1489,34544,284,90,59,4,432,52
178,Blue,1,1,1,0,0,0,0,8,0,0,2,0,0,1324,25,20,30,80189,251048,11090,21922,36763,1575,23643,35947,39381,20739,62,96,13565,49884,2632,41881,338,95,69,12,654,57
179,Red,0,0,0,0,0,1,1,1,0,0,1,0,2,1324,19,25,25,50628,145396,31818,12178,24196,2635,11002,46939,24920,1465,49,119,22897,48162,1573,33012,283,76,45,0,761,51
180,Blue,0,0,0,0,0,0,0,0,0,0,0,0,0,1212,12,34,14,102451,63792,17705,21744,8948,466,5948,26354,6240,2049,39,75,25911,35032,3448,27400,208,46,36,0,790,48
181,Red,1,1,1,0,0,1,1,5,0,0,2,0,1,1212,34,12,25,139329,142162,18401,25097,24052,3448,14680,30631,35836,14549,34,63,22496,29901,466,38881,301,100,64,16,1030,56
182,Blue,1,1,0,1,0,0,1,10,2,0,3,0,1,1707,33,23,43,121015,370882,41711,35765,49238,4269,53626,56972,62314,23787,103,26,32401,64557,3591,51299,438,128,76,13,468,74
183,Red,0,0,1,0,0,1,0,4,0,0,1,0,0,1707,22,33,22,163171,269867,74590,31287,32298,3593,34536,61783,21090,11803,44,83,37456,75723,4267,46556,462,110,76,10,620,67
184,Blue,1,0,0,0,1,1,0,11,2,1,5,0,0,2569,48,28,85,442888,378316,60571,80460,51090,5098,67639,146522,79918,19387,99,192,23659,131072,5249,78654,651,209,128,16,2280,88
185,Red,0,1,1,1,0,0,1,6,1,0,1,0,1,2569,28,48,35,61925,589707,51626,21583,81475,5251,32904,125784,36097,15754,137,118,80938,80388,5095,65243,673,113,83,9,453,80
186,Blue,0,0,0,0,0,1,0,0,0,0,1,0,0,1699,12,34,15,123146,218641,24338,29411,22920,3381,20629,51344,12336,3741,57,97,25776,52322,1353,37814,481,63,37,4,795,61
187,Red,1,1,1,1,0,0,0,11,3,0,3,0,0,1699,34,12,45,114768,331403,29839,24696,39162,1353,33901,64856,46540,28054,84,62,31872,58419,3379,50565,498,110,55,29,438,69
188,Blue,1,1,1,1,0,1,0,9,3,0,2,0,0,3582,33,49,38,272878,1155648,128774,87118,100020,18056,43709,130371,48649,17948,188,254,73936,126253,13517,89989,1009,180,115,24,3026,90
189,Red,0,0,0,0,1,0,0,8,3,2,5,0,0,3582,49,35,55,310488,840780,113182,72587,84508,13519,102348,276103,111436,18261,94,238,94019,146514,26429,90992,818,167,113,0,1530,90
190,Blue,1,0,1,0,0,0,1,5,0,0,1,0,1,1173,30,10,38,96646,177684,41394,16263,33911,3330,19187,31499,34132,14358,41,92,7089,45209,1154,39113,332,89,55,5,1016,58
191,Red,0,1,0,0,0,1,0,0,0,0,1,0,0,1173,10,30,7,32895,186659,14152,5625,26349,1154,20694,37747,11059,4349,40,62,17561,47663,3475,27517,278,72,52,0,611,50
192,Blue,0,0,0,0,0,1,0,1,0,0,1,0,0,1466,12,27,12,38767,252832,32917,8834,45891,4703,14595,57968,14164,5519,52,91,22503,58811,5346,34012,363,80,59,5,933,61
193,Red,1,1,1,0,0,0,1,3,0,0,3,0,1,1466,27,12,31,57429,302925,39085,20954,40737,5347,35675,50590,45205,9526,56,123,9201,69063,4703,41547,375,119,78,0,646,64
194,Blue,0,1,1,0,0,1,1,2,0,0,2,0,1,1950,17,30,25,149860,284125,48870,29368,34914,1117,18113,110487,18254,6064,128,124,37431,75795,7760,44331,529,100,75,0,1247,70
195,Red,1,0,0,1,0,0,0,6,1,0,3,0,1,1950,30,17,63,248723,338843,60707,35633,53878,7760,45928,72676,56567,11190,83,177,30998,71578,2112,53727,520,160,107,8,1299,75
196,Blue,1,1,1,1,0,1,1,9,1,0,3,0,2,1374,35,11,46,76554,285346,50245,11014,50850,2353,22643,49145,59516,20821,61,80,25109,46804,1608,43615,385,100,56,1,793,62
197,Red,0,0,0,0,0,0,0,1,0,0,0,0,0,1374,11,35,13,155096,142090,12638,23833,20298,1608,17822,55112,10834,3178,57,79,12726,69773,2352,33010,309,108,91,0,270,55
198,Blue,0,0,1,0,1,0,0,7,0,1,4,0,0,2581,44,59,40,265784,550276,90181,71854,86777,11757,61369,166983,65153,11944,128,189,82004,112359,14652,74452,654,192,115,19,1242,86
199,Red,1,1,0,1,0,1,1,10,2,0,3,0,2,2581,59,45,62,213711,519253,70105,78392,71424,12093,64483,126530,74816,19956,131,165,72743,125476,11756,76274,529,144,72,28,2281,87
200,Blue,1,0,0,1,0,1,1,11,3,0,5,0,1,2212,43,24,50,276964,239547,139410,79458,29756,19331,29248,111396,64644,18160,150,211,36997,77243,3036,63196,462,156,97,28,1749,82
201,Red,0,1,1,0,0,0,0,3,0,0,0,0,0,2212,24,43,37,144006,293326,33395,35197,46900,3038,20950,78182,11886,7787,117,151,79458,42220,19331,51471,503,4,0,0,1172,71
202,Blue,1,0,1,1,1,0,1,11,2,1,3,0,2,1619,39,21,44,51938,439744,34600,16272,56913,2904,35069,64666,74387,20162,52,62,31519,61051,2770,54358,442,124,49,37,581,72
203,Red,0,1,0,0,0,1,0,1,0,0,1,0,0,1619,21,39,24,156294,162814,34768,29374,26481,2770,12102,57025,7709,3020,66,84,17264,74621,2904,41495,405,80,61,0,890,62
204,Blue,1,0,1,1,0,1,1,8,1,0,3,0,1,1503,29,8,46,53844,292304,24554,12235,38745,1147,21393,64342,50466,19207,59,159,11770,52245,4881,42640,354,104,48,17,1624,61
205,Red,0,1,0,0,0,0,0,2,0,0,0,0,0,1503,8,29,6,48669,228860,50398,10432,19200,4883,16404,49531,14505,6644,46,78,14199,62529,1146,32433,316,114,57,34,503,55
206,Blue,1,1,1,0,0,1,0,3,0,0,2,0,0,1207,21,5,25,75761,200866,39563,9264,25942,1971,9574,30168,20844,10661,53,83,9509,29064,2588,32943,326,87,69,0,984,56
207,Red,0,0,0,0,0,0,1,1,0,0,0,0,1,1207,5,21,2,54538,187738,30390,8444,13908,2590,12599,33069,24767,6702,49,53,10704,44784,1971,25995,308,84,56,9,353,51
